"Full Name",Country
Sheryl-Baxter,Chile
Preston-Lozano,Djibouti
Roy-Berry,"Antigua and Barbuda"
Linda-Olsen,"Dominican Republic"
Joanna-Bender,"Slovakia (Slovak Republic)"
Aimee-Downs,"Bosnia and Herzegovina"
Darren-Peck,"Pitcairn Islands"
Brett-Mullen,Bulgaria
Sheryl-Meyers,Cyprus
Michelle-Gallagher,Timor-Leste
Carl-Schroeder,Guernsey
Jenna-Dodson,Vietnam
Tracey-Mata,Togo
Kristine-Cox,"Sri Lanka"
Faith-Lutz,Singapore
Miranda-Beasley,Oman
Caroline-Foley,"Western Sahara"
Greg-Mata,Mozambique
Clifford-Jacobson,"South Georgia and the South Sandwich Islands"
Joanna-Kirk,"French Polynesia"
Maxwell-Frye,Malta
Kiara-Houston,Netherlands
Colleen-Howard,Paraguay
Janet-Valenzuela,"Lao People's Democratic Republic"
Shane-Wilcox,Albania
Marcus-Moody,Panama
Dakota-Poole,Belarus
Frederick-Harper,Switzerland
Stefanie-Fitzpatrick,"Saint Vincent and the Grenadines"
Kent-Bradshaw,Tanzania
Jack-Tate,Zimbabwe
Tom-Trujillo,Denmark
Gabriel-Mejia,Liechtenstein
Kaitlyn-Santana,"United States of America"
Faith-Moon,Bahamas
Tammie-Haley,Belize
Nicholas-Sosa,Uruguay
Jordan-Gay,"Solomon Islands"
Bruce-Esparza,Montenegro
Sherry-Garza,Poland
Natalie-Gentry,"Dominican Republic"
Bryan-Dunn,"Burkina Faso"
Wayne-Simpson,Bolivia
Luis-Greer,Bulgaria
Rhonda-Frost,Monaco
Joanne-Montes,Palau
Geoffrey-Guzman,Uzbekistan
Gloria-Mccall,Ghana
Brady-Cohen,"United Arab Emirates"
Latoya-Mccann,Belarus
Gerald-Hawkins,Canada
Samuel-Crawford,Algeria
Patricia-Goodwin,Swaziland
Stacie-Richard,Madagascar
Robin-West,Ecuador
Ralph-Haas,"Palestinian Territory"
Phyllis-Maldonado,"Saint Barthelemy"
Danny-Parrish,"United Arab Emirates"
Kathy-Hill,"South Georgia and the South Sandwich Islands"
Kelli-Hardy,"Sao Tome and Principe"
Lynn-Pham,Portugal
Shelley-Harris,Togo
Eddie-Jimenez,Ethiopia
Chloe-Hutchinson,Netherlands
Eileen-Lynch,Liberia
Fernando-Lambert,Lithuania
Makayla-Cannon,"New Caledonia"
Tom-Alvarado,Kiribati
Virginia-Dudley,"French Southern Territories"
Riley-Good,Canada
Alexandria-Buck,Iran
Richard-Roth,Morocco
Candice-Keller,Zimbabwe
Anita-Benson,"Russian Federation"
Regina-Stein,"Solomon Islands"
Debra-Riddle,"United States Virgin Islands"
Brittany-Zuniga,"Kyrgyz Republic"
Cassidy-Mcmahon,Myanmar
Laurie-Pennington,Dominica
Alejandro-Blair,Iceland
Leslie-Jennings,Micronesia
Kathleen-Mckay,"Saint Vincent and the Grenadines"
Hunter-Moreno,"Isle of Man"
Chad-Davidson,Oman
Corey-Holt,Fiji
Emma-Cunningham,"New Zealand"
Duane-Woods,Maldives
Alison-Vargas,Benin
Vernon-Kane,Yemen
Lori-Flowers,Namibia
Nina-Chavez,Bhutan
Shane-Foley,Hungary
Collin-Ayers,Anguilla
Sherry-Young,"Solomon Islands"
Darrell-Douglas,Mali
Karl-Greer,Guyana
Lynn-Atkinson,"Sri Lanka"
Fred-Guerra,"Solomon Islands"
Yvonne-Farmer,Aruba
Clarence-Haynes,Honduras
